,Accuracy,Precision,Recall,F1-Score
Decision Tree,0.9948333333333333,0.9994075829383886,0.9914781075521598,0.9954270541377784
Random Forest,0.9916666666666667,0.9994042299672327,0.9858947987070232,0.992603550295858
KNN,0.9298333333333333,0.9966688874083944,0.8792242139288863,0.9342701014832162
Naive Bayes,0.9088333333333334,0.9501891551071879,0.885689097854834,0.9168060836501901
Logistic Regression,0.8501666666666666,0.882874617737003,0.8483690861004995,0.8652779859133823
